id;version;state_code;date_of_birth;date_of_death;gender_type_code
1;9797;Jewelery utilize;2021-05-26T02:00:37;2021-05-26T03:11:00;killer synergy transform
2;69919;Fantastic;2021-05-26T08:08:02;2021-05-25T22:19:57;5th blue
3;34243;Franc Gloves;2021-05-26T14:11:14;2021-05-26T00:35:34;Investor Wyoming connect
4;12555;Sausages model Designer;2021-05-26T12:32:19;2021-05-26T02:33:48;Sausages Buckinghamshire
5;37409;services;2021-05-26T01:41:42;2021-05-26T10:57:49;SMTP user Unbranded
6;1185;Guiana Cotton;2021-05-25T19:10:16;2021-05-26T11:15:36;invoice
7;26992;Loan dedicated array;2021-05-25T17:59:33;2021-05-26T04:46:28;Strategist Kids payment
8;16863;Analyst Keyboard Ergonomic;2021-05-26T14:01:38;2021-05-25T17:25:19;compress zero
9;760;magenta compress;2021-05-25T20:05:23;2021-05-26T12:56:39;Concrete Small
10;11491;Awesome Future Concrete;2021-05-26T11:11:36;2021-05-26T14:31:26;Salad
