id;person_id;first_name;middle_name;last_name;second_last_name;preferred_name;prefix_code;suffix_code;valid_from;valid_to
1;20384;Bradley;Facilitator;Lockman;invoice Legacy;initiatives Montserrat;Fresh auxiliary;Data quantify;2021-05-26T06:55:12;2021-05-26T08:42:51
2;42291;Reuben;Liaison;Crona;productivity toolset;networks networks;networks emulation;Cambridgeshire;2021-05-26T05:38:47;2021-05-25T17:27:37
3;94462;Chesley;deposit Andorra;Blick;optical Car Berkshire;online Officer;Secured;CSS boliviano Albania;2021-05-26T05:33:47;2021-05-26T02:18:45
4;82988;Ezekiel;Future-proofed;Dietrich;solutions Executive;Sleek;Granite Dirham Clothing;Alaska Arizona Locks;2021-05-26T05:48:58;2021-05-25T18:21:59
5;62805;Susie;niches;Corwin;Interactions architectures Republic;Avon;Market;Home transmit Tasty;2021-05-26T07:38:05;2021-05-26T01:47:23
6;51849;Rossie;Account;Runte;asynchronous Course;Mountain enable;withdrawal Buckinghamshire;Executive;2021-05-25T20:37:54;2021-05-25T19:50:03
7;56856;Karl;XSS Refined synthesizing;Tremblay;Agent;Representative Refined;Jewelery Serbian;withdrawal Intranet;2021-05-26T02:37:28;2021-05-25T17:06:21
8;35886;Vada;Ergonomic synthesize;Gutkowski;neural-net;green;withdrawal;e-services architect;2021-05-26T05:46:51;2021-05-26T02:44:24
9;82823;Isai;Customer Tokelau;Fay;platforms cross-platform neural;Quality Cotton payment;Communications;Consultant;2021-05-25T20:26:07;2021-05-26T00:10:25
10;57951;Mertie;Bedfordshire;Mann;red olive;wireless;redefine Delaware payment;Computer;2021-05-25T21:56:45;2021-05-26T13:35:40
